MSOA11CD,MSOA11NM,working_pop,MSOA11NM_work,resident_num
E02000166,{place of work}Camden 001,1887,Camden 001,2821
E02000167,{place of work}Camden 002,2404,Camden 002,2956
E02000168,{place of work}Camden 003,3746,Camden 003,3264
E02000169,{place of work}Camden 004,1041,Camden 004,2510
E02000170,{place of work}Camden 005,1131,Camden 005,3803
E02000171,{place of work}Camden 006,1207,Camden 006,3112
E02000172,{place of work}Camden 007,3472,Camden 007,3237
E02000173,{place of work}Camden 008,8776,Camden 008,3249
E02000174,{place of work}Camden 009,1893,Camden 009,3523
E02000175,{place of work}Camden 010,2595,Camden 010,4300
E02000176,{place of work}Camden 011,1092,Camden 011,2942
E02000177,{place of work}Camden 012,1490,Camden 012,3202
E02000178,{place of work}Camden 013,1222,Camden 013,3844
E02000179,{place of work}Camden 014,740,Camden 014,2265
E02000180,{place of work}Camden 015,1278,Camden 015,3010
E02000181,{place of work}Camden 016,426,Camden 016,3787
E02000182,{place of work}Camden 017,2457,Camden 017,2308
E02000183,{place of work}Camden 018,5155,Camden 018,3022
E02000184,{place of work}Camden 019,7107,Camden 019,2991
E02000185,{place of work}Camden 020,1682,Camden 020,2894
E02000186,{place of work}Camden 021,18210,Camden 021,2688
E02000187,{place of work}Camden 022,5674,Camden 022,2321
E02000188,{place of work}Camden 023,4949,Camden 023,2342
E02000189,{place of work}Camden 024,4039,Camden 024,1659
E02000190,{place of work}Camden 025,7667,Camden 025,2078
E02000191,{place of work}Camden 026,31916,Camden 026,2315
E02000192,{place of work}Camden 027,22936,Camden 027,2704
E02000193,{place of work}Camden 028,52759,Camden 028,3075
E02000001,{place of work}City of London 001,244302,City of London 001,3657
E02000345,{place of work}Hackney 001,2403,Hackney 001,2293
E02000346,{place of work}Hackney 002,718,Hackney 002,1763
E02000347,{place of work}Hackney 003,1204,Hackney 003,2260
E02000348,{place of work}Hackney 004,807,Hackney 004,2135
E02000350,{place of work}Hackney 006,985,Hackney 006,3815
E02000351,{place of work}Hackney 007,471,Hackney 007,4140
E02000352,{place of work}Hackney 008,599,Hackney 008,2529
E02000353,{place of work}Hackney 009,1613,Hackney 009,3491
E02000354,{place of work}Hackney 010,1191,Hackney 010,3309
E02000355,{place of work}Hackney 011,856,Hackney 011,3182
E02000356,{place of work}Hackney 012,869,Hackney 012,3318
E02000357,{place of work}Hackney 013,488,Hackney 013,1618
E02000358,{place of work}Hackney 014,1731,Hackney 014,4527
E02000359,{place of work}Hackney 015,452,Hackney 015,2344
E02000360,{place of work}Hackney 016,1075,Hackney 016,3964
E02000361,{place of work}Hackney 017,5002,Hackney 017,3192
E02000362,{place of work}Hackney 018,1726,Hackney 018,2174
E02000363,{place of work}Hackney 019,3726,Hackney 019,3127
E02000364,{place of work}Hackney 020,1676,Hackney 020,3727
E02000365,{place of work}Hackney 021,3187,Hackney 021,5756
E02000366,{place of work}Hackney 022,649,Hackney 022,2933
E02000367,{place of work}Hackney 023,3241,Hackney 023,4215
E02000368,{place of work}Hackney 024,652,Hackney 024,3332
E02000369,{place of work}Hackney 025,2850,Hackney 025,4490
E02000370,{place of work}Hackney 026,2720,Hackney 026,3158
E02000371,{place of work}Hackney 027,25739,Hackney 027,5484
E02006918,{place of work}Hackney 028,616,Hackney 028,2274
E02006921,{place of work}Hackney 029,495,Hackney 029,2059
E02000372,{place of work}Hammersmith and Fulham 001,13760,Hammersmith and Fulham 001,3253
E02000373,{place of work}Hammersmith and Fulham 002,705,Hammersmith and Fulham 002,1957
E02000374,{place of work}Hammersmith and Fulham 003,288,Hammersmith and Fulham 003,2570
E02000375,{place of work}Hammersmith and Fulham 004,11531,Hammersmith and Fulham 004,2928
E02000376,{place of work}Hammersmith and Fulham 005,2286,Hammersmith and Fulham 005,3173
E02000377,{place of work}Hammersmith and Fulham 006,1010,Hammersmith and Fulham 006,3414
E02000378,{place of work}Hammersmith and Fulham 007,2134,Hammersmith and Fulham 007,3099
E02000379,{place of work}Hammersmith and Fulham 008,651,Hammersmith and Fulham 008,3026
E02000380,{place of work}Hammersmith and Fulham 009,1132,Hammersmith and Fulham 009,2494
E02000381,{place of work}Hammersmith and Fulham 010,2925,Hammersmith and Fulham 010,3409
E02000382,{place of work}Hammersmith and Fulham 011,2799,Hammersmith and Fulham 011,2466
E02000383,{place of work}Hammersmith and Fulham 012,5339,Hammersmith and Fulham 012,4082
E02000384,{place of work}Hammersmith and Fulham 013,16885,Hammersmith and Fulham 013,2907
E02000385,{place of work}Hammersmith and Fulham 014,905,Hammersmith and Fulham 014,3367
E02000386,{place of work}Hammersmith and Fulham 015,2756,Hammersmith and Fulham 015,3196
E02000387,{place of work}Hammersmith and Fulham 016,4105,Hammersmith and Fulham 016,2699
E02000388,{place of work}Hammersmith and Fulham 017,2444,Hammersmith and Fulham 017,3864
E02000389,{place of work}Hammersmith and Fulham 018,2430,Hammersmith and Fulham 018,3530
E02000390,{place of work}Hammersmith and Fulham 019,1243,Hammersmith and Fulham 019,2886
E02000391,{place of work}Hammersmith and Fulham 020,3191,Hammersmith and Fulham 020,3197
E02000392,{place of work}Hammersmith and Fulham 021,3200,Hammersmith and Fulham 021,4357
E02000393,{place of work}Hammersmith and Fulham 022,523,Hammersmith and Fulham 022,2976
E02000394,{place of work}Hammersmith and Fulham 023,3372,Hammersmith and Fulham 023,3156
E02000395,{place of work}Hammersmith and Fulham 024,2840,Hammersmith and Fulham 024,2609
E02000396,{place of work}Hammersmith and Fulham 025,2080,Hammersmith and Fulham 025,2672
E02000397,{place of work}Haringey 001,676,Haringey 001,2874
E02000398,{place of work}Haringey 002,2109,Haringey 002,1771
E02000400,{place of work}Haringey 004,1202,Haringey 004,2699
E02000401,{place of work}Haringey 005,503,Haringey 005,1781
E02000402,{place of work}Haringey 006,549,Haringey 006,1794
E02000403,{place of work}Haringey 007,4145,Haringey 007,2763
E02000404,{place of work}Haringey 008,713,Haringey 008,2328
E02000405,{place of work}Haringey 009,696,Haringey 009,2527
E02000406,{place of work}Haringey 010,329,Haringey 010,2417
E02000407,{place of work}Haringey 011,1133,Haringey 011,2027
E02000408,{place of work}Haringey 012,1184,Haringey 012,2015
E02000409,{place of work}Haringey 013,940,Haringey 013,1944
E02000410,{place of work}Haringey 014,1007,Haringey 014,2745
E02000411,{place of work}Haringey 015,2201,Haringey 015,2246
E02000412,{place of work}Haringey 016,4618,Haringey 016,2380
E02000413,{place of work}Haringey 017,732,Haringey 017,2671
E02000414,{place of work}Haringey 018,429,Haringey 018,2404
E02000415,{place of work}Haringey 019,914,Haringey 019,2557
E02000416,{place of work}Haringey 020,1101,Haringey 020,2975
E02000417,{place of work}Haringey 021,1700,Haringey 021,2790
E02000418,{place of work}Haringey 022,551,Haringey 022,2205
E02000419,{place of work}Haringey 023,1349,Haringey 023,3344
E02000420,{place of work}Haringey 024,714,Haringey 024,2412
E02000421,{place of work}Haringey 025,2709,Haringey 025,2226
E02000422,{place of work}Haringey 026,770,Haringey 026,2440
E02000423,{place of work}Haringey 027,1812,Haringey 027,2761
E02000424,{place of work}Haringey 028,899,Haringey 028,3070
E02000425,{place of work}Haringey 029,657,Haringey 029,1878
E02000426,{place of work}Haringey 030,1590,Haringey 030,2613
E02000427,{place of work}Haringey 031,792,Haringey 031,3063
E02000428,{place of work}Haringey 032,1305,Haringey 032,2206
E02000429,{place of work}Haringey 033,653,Haringey 033,2989
E02000430,{place of work}Haringey 034,1859,Haringey 034,3508
E02000431,{place of work}Haringey 035,806,Haringey 035,3236
E02000432,{place of work}Haringey 036,429,Haringey 036,3017
E02006794,{place of work}Haringey 037,2197,Haringey 037,1851
E02000554,{place of work}Islington 001,884,Islington 001,3327
E02000555,{place of work}Islington 002,1247,Islington 002,3666
E02000556,{place of work}Islington 003,1672,Islington 003,4264
E02000557,{place of work}Islington 004,4908,Islington 004,3280
E02000558,{place of work}Islington 005,1550,Islington 005,2720
E02000559,{place of work}Islington 006,7727,Islington 006,4250
E02000560,{place of work}Islington 007,2889,Islington 007,3218
E02000561,{place of work}Islington 008,723,Islington 008,3208
E02000562,{place of work}Islington 009,1108,Islington 009,3235
E02000563,{place of work}Islington 010,1502,Islington 010,3147
E02000564,{place of work}Islington 011,2829,Islington 011,5138
E02000565,{place of work}Islington 012,923,Islington 012,3070
E02000566,{place of work}Islington 013,3545,Islington 013,3889
E02000567,{place of work}Islington 014,951,Islington 014,4705
E02000568,{place of work}Islington 015,4611,Islington 015,3122
E02000569,{place of work}Islington 016,2827,Islington 016,4203
E02000570,{place of work}Islington 017,1326,Islington 017,4122
E02000571,{place of work}Islington 018,1564,Islington 018,3229
E02000572,{place of work}Islington 019,2054,Islington 019,2626
E02000573,{place of work}Islington 020,8591,Islington 020,4181
E02000574,{place of work}Islington 021,10095,Islington 021,3446
E02000575,{place of work}Islington 022,29205,Islington 022,4855
E02000576,{place of work}Islington 023,26156,Islington 023,3388
E02000577,{place of work}Kensington and Chelsea 001,3668,Kensington and Chelsea 001,2169
E02000578,{place of work}Kensington and Chelsea 002,2187,Kensington and Chelsea 002,1732
E02000579,{place of work}Kensington and Chelsea 003,1694,Kensington and Chelsea 003,3199
E02000580,{place of work}Kensington and Chelsea 004,2604,Kensington and Chelsea 004,3503
E02000581,{place of work}Kensington and Chelsea 005,2573,Kensington and Chelsea 005,2226
E02000582,{place of work}Kensington and Chelsea 006,2856,Kensington and Chelsea 006,3277
E02000583,{place of work}Kensington and Chelsea 007,1861,Kensington and Chelsea 007,2759
E02000584,{place of work}Kensington and Chelsea 008,6116,Kensington and Chelsea 008,3197
E02000585,{place of work}Kensington and Chelsea 009,1860,Kensington and Chelsea 009,2956
E02000586,{place of work}Kensington and Chelsea 010,7555,Kensington and Chelsea 010,2861
E02000587,{place of work}Kensington and Chelsea 011,3052,Kensington and Chelsea 011,2660
E02000588,{place of work}Kensington and Chelsea 012,15311,Kensington and Chelsea 012,3144
E02000589,{place of work}Kensington and Chelsea 013,3142,Kensington and Chelsea 013,3246
E02000590,{place of work}Kensington and Chelsea 014,4784,Kensington and Chelsea 014,2564
E02000591,{place of work}Kensington and Chelsea 015,1333,Kensington and Chelsea 015,2710
E02000592,{place of work}Kensington and Chelsea 016,6316,Kensington and Chelsea 016,2866
E02000593,{place of work}Kensington and Chelsea 017,1175,Kensington and Chelsea 017,3296
E02000594,{place of work}Kensington and Chelsea 018,3994,Kensington and Chelsea 018,2701
E02000595,{place of work}Kensington and Chelsea 019,6530,Kensington and Chelsea 019,2767
E02000596,{place of work}Kensington and Chelsea 020,4963,Kensington and Chelsea 020,3146
E02000597,{place of work}Kensington and Chelsea 021,2195,Kensington and Chelsea 021,2379
E02000619,{place of work}Lambeth 002,1952,Lambeth 002,3098
E02000620,{place of work}Lambeth 003,6052,Lambeth 003,4219
E02000621,{place of work}Lambeth 004,5488,Lambeth 004,4945
E02000622,{place of work}Lambeth 005,2134,Lambeth 005,3854
E02000623,{place of work}Lambeth 006,527,Lambeth 006,3059
E02000624,{place of work}Lambeth 007,671,Lambeth 007,3357
E02000625,{place of work}Lambeth 008,1598,Lambeth 008,3178
E02000626,{place of work}Lambeth 009,841,Lambeth 009,2697
E02000627,{place of work}Lambeth 010,1376,Lambeth 010,4499
E02000628,{place of work}Lambeth 011,3893,Lambeth 011,3475
E02000629,{place of work}Lambeth 012,1675,Lambeth 012,4738
E02000630,{place of work}Lambeth 013,2440,Lambeth 013,3770
E02000631,{place of work}Lambeth 014,8724,Lambeth 014,3915
E02000632,{place of work}Lambeth 015,1169,Lambeth 015,5746
E02000633,{place of work}Lambeth 016,3187,Lambeth 016,3657
E02000634,{place of work}Lambeth 017,2061,Lambeth 017,3258
E02000635,{place of work}Lambeth 018,1156,Lambeth 018,4105
E02000636,{place of work}Lambeth 019,1521,Lambeth 019,3951
E02000637,{place of work}Lambeth 020,853,Lambeth 020,4375
E02000638,{place of work}Lambeth 021,1614,Lambeth 021,4237
E02000639,{place of work}Lambeth 022,320,Lambeth 022,2997
E02000640,{place of work}Lambeth 023,940,Lambeth 023,4527
E02000641,{place of work}Lambeth 024,629,Lambeth 024,3020
E02000642,{place of work}Lambeth 025,949,Lambeth 025,3921
E02000643,{place of work}Lambeth 026,906,Lambeth 026,3623
E02000644,{place of work}Lambeth 027,718,Lambeth 027,3512
E02000645,{place of work}Lambeth 028,2409,Lambeth 028,3770
E02000646,{place of work}Lambeth 029,1972,Lambeth 029,4118
E02000647,{place of work}Lambeth 030,601,Lambeth 030,3274
E02000648,{place of work}Lambeth 031,779,Lambeth 031,2463
E02000649,{place of work}Lambeth 032,2000,Lambeth 032,4811
E02000650,{place of work}Lambeth 033,708,Lambeth 033,2829
E02000651,{place of work}Lambeth 034,717,Lambeth 034,3308
E02000652,{place of work}Lambeth 035,371,Lambeth 035,2479
E02006801,{place of work}Lambeth 036,28200,Lambeth 036,3416
E02000653,{place of work}Lewisham 001,691,Lewisham 001,3398
E02000654,{place of work}Lewisham 002,1438,Lewisham 002,2556
E02000655,{place of work}Lewisham 003,1648,Lewisham 003,3218
E02000657,{place of work}Lewisham 005,2334,Lewisham 005,3728
E02000658,{place of work}Lewisham 006,886,Lewisham 006,3284
E02000659,{place of work}Lewisham 007,1997,Lewisham 007,3044
E02000660,{place of work}Lewisham 008,1113,Lewisham 008,3809
E02000661,{place of work}Lewisham 009,1889,Lewisham 009,2890
E02000662,{place of work}Lewisham 010,1028,Lewisham 010,3210
E02000663,{place of work}Lewisham 011,432,Lewisham 011,2947
E02000664,{place of work}Lewisham 012,7222,Lewisham 012,3931
E02000665,{place of work}Lewisham 013,941,Lewisham 013,3433
E02000666,{place of work}Lewisham 014,566,Lewisham 014,2837
E02000667,{place of work}Lewisham 015,538,Lewisham 015,2652
E02000668,{place of work}Lewisham 016,1017,Lewisham 016,2695
E02000669,{place of work}Lewisham 017,1073,Lewisham 017,3198
E02000670,{place of work}Lewisham 018,738,Lewisham 018,2355
E02000671,{place of work}Lewisham 019,1955,Lewisham 019,3513
E02000672,{place of work}Lewisham 020,5036,Lewisham 020,2935
E02000673,{place of work}Lewisham 021,1174,Lewisham 021,3374
E02000674,{place of work}Lewisham 022,512,Lewisham 022,3084
E02000675,{place of work}Lewisham 023,717,Lewisham 023,3263
E02000676,{place of work}Lewisham 024,416,Lewisham 024,3228
E02000677,{place of work}Lewisham 025,1431,Lewisham 025,2668
E02000678,{place of work}Lewisham 026,295,Lewisham 026,2030
E02000679,{place of work}Lewisham 027,854,Lewisham 027,3044
E02000680,{place of work}Lewisham 028,869,Lewisham 028,2439
E02000681,{place of work}Lewisham 029,1232,Lewisham 029,2839
E02000682,{place of work}Lewisham 030,857,Lewisham 030,2530
E02000683,{place of work}Lewisham 031,445,Lewisham 031,2038
E02000685,{place of work}Lewisham 033,741,Lewisham 033,2795
E02000686,{place of work}Lewisham 034,1098,Lewisham 034,2113
E02000687,{place of work}Lewisham 035,1037,Lewisham 035,2901
E02006783,{place of work}Lewisham 037,843,Lewisham 037,2265
E02006784,{place of work}Lewisham 038,635,Lewisham 038,2363
E02006798,{place of work}Lewisham 039,2232,Lewisham 039,2790
E02000714,{place of work}Newham 001,640,Newham 001,2719
E02000715,{place of work}Newham 002,621,Newham 002,1875
E02000716,{place of work}Newham 003,526,Newham 003,2104
E02000717,{place of work}Newham 004,1048,Newham 004,2240
E02000718,{place of work}Newham 005,490,Newham 005,1690
E02000719,{place of work}Newham 006,764,Newham 006,2689
E02000720,{place of work}Newham 007,635,Newham 007,2354
E02000721,{place of work}Newham 008,1957,Newham 008,2698
E02000722,{place of work}Newham 009,1135,Newham 009,3058
E02000723,{place of work}Newham 010,1493,Newham 010,3136
E02000724,{place of work}Newham 011,405,Newham 011,2537
E02000725,{place of work}Newham 012,6597,Newham 012,3662
E02000726,{place of work}Newham 013,4707,Newham 013,3657
E02000727,{place of work}Newham 014,1019,Newham 014,2420
E02000728,{place of work}Newham 015,244,Newham 015,2462
E02000729,{place of work}Newham 016,346,Newham 016,2235
E02000730,{place of work}Newham 017,1484,Newham 017,2678
E02000731,{place of work}Newham 018,2820,Newham 018,2985
E02000732,{place of work}Newham 019,1042,Newham 019,2000
E02000733,{place of work}Newham 020,1137,Newham 020,3145
E02000734,{place of work}Newham 021,350,Newham 021,2401
E02000735,{place of work}Newham 022,1090,Newham 022,2248
E02000736,{place of work}Newham 023,1233,Newham 023,2310
E02000737,{place of work}Newham 024,1871,Newham 024,2718
E02000738,{place of work}Newham 025,542,Newham 025,2659
E02000739,{place of work}Newham 026,892,Newham 026,2251
E02000740,{place of work}Newham 027,1595,Newham 027,2091
E02000741,{place of work}Newham 028,4308,Newham 028,2515
E02000742,{place of work}Newham 029,485,Newham 029,2272
E02000743,{place of work}Newham 030,1797,Newham 030,2170
E02000744,{place of work}Newham 031,671,Newham 031,2278
E02000745,{place of work}Newham 032,226,Newham 032,2659
E02000746,{place of work}Newham 033,5325,Newham 033,2175
E02000747,{place of work}Newham 034,3913,Newham 034,4033
E02000748,{place of work}Newham 035,3574,Newham 035,1895
E02000749,{place of work}Newham 036,1550,Newham 036,2310
E02000750,{place of work}Newham 037,3834,Newham 037,4295
E02000807,{place of work}Southwark 001,778,Southwark 001,4436
E02000808,{place of work}Southwark 002,40235,Southwark 002,4289
E02000809,{place of work}Southwark 003,26403,Southwark 003,6874
E02000810,{place of work}Southwark 004,1769,Southwark 004,3866
E02000812,{place of work}Southwark 006,4747,Southwark 006,4309
E02000813,{place of work}Southwark 007,2039,Southwark 007,3283
E02000814,{place of work}Southwark 008,1177,Southwark 008,4556
E02000815,{place of work}Southwark 009,2454,Southwark 009,2741
E02000816,{place of work}Southwark 010,1761,Southwark 010,3441
E02000817,{place of work}Southwark 011,1518,Southwark 011,2152
E02000818,{place of work}Southwark 012,1605,Southwark 012,2852
E02000819,{place of work}Southwark 013,1452,Southwark 013,2996
E02000820,{place of work}Southwark 014,1594,Southwark 014,3498
E02000821,{place of work}Southwark 015,1556,Southwark 015,2652
E02000822,{place of work}Southwark 016,898,Southwark 016,2804
E02000823,{place of work}Southwark 017,1244,Southwark 017,3003
E02000824,{place of work}Southwark 018,2518,Southwark 018,2895
E02000825,{place of work}Southwark 019,856,Southwark 019,3113
E02000826,{place of work}Southwark 020,1268,Southwark 020,3275
E02000827,{place of work}Southwark 021,2914,Southwark 021,3728
E02000828,{place of work}Southwark 022,1971,Southwark 022,2833
E02000829,{place of work}Southwark 023,797,Southwark 023,3753
E02000830,{place of work}Southwark 024,3825,Southwark 024,3864
E02000831,{place of work}Southwark 025,1763,Southwark 025,3888
E02000832,{place of work}Southwark 026,906,Southwark 026,3414
E02000833,{place of work}Southwark 027,814,Southwark 027,2870
E02000834,{place of work}Southwark 028,1330,Southwark 028,4469
E02000835,{place of work}Southwark 029,414,Southwark 029,2798
E02000836,{place of work}Southwark 030,1541,Southwark 030,3739
E02000837,{place of work}Southwark 031,1582,Southwark 031,3516
E02000838,{place of work}Southwark 032,624,Southwark 032,3888
E02000839,{place of work}Southwark 033,1533,Southwark 033,2985
E02006802,{place of work}Southwark 034,9983,Southwark 034,2865
E02000864,{place of work}Tower Hamlets 001,1663,Tower Hamlets 001,2919
E02000865,{place of work}Tower Hamlets 002,2149,Tower Hamlets 002,2458
E02000866,{place of work}Tower Hamlets 003,1095,Tower Hamlets 003,3967
E02000867,{place of work}Tower Hamlets 004,2336,Tower Hamlets 004,4530
E02000868,{place of work}Tower Hamlets 005,1688,Tower Hamlets 005,2722
E02000869,{place of work}Tower Hamlets 006,1170,Tower Hamlets 006,2248
E02000870,{place of work}Tower Hamlets 007,1568,Tower Hamlets 007,2468
E02000871,{place of work}Tower Hamlets 008,1449,Tower Hamlets 008,2647
E02000872,{place of work}Tower Hamlets 009,1735,Tower Hamlets 009,3016
E02000873,{place of work}Tower Hamlets 010,4143,Tower Hamlets 010,2565
E02000874,{place of work}Tower Hamlets 011,783,Tower Hamlets 011,2139
E02000875,{place of work}Tower Hamlets 012,1819,Tower Hamlets 012,2905
E02000876,{place of work}Tower Hamlets 013,2563,Tower Hamlets 013,2558
E02000877,{place of work}Tower Hamlets 014,1765,Tower Hamlets 014,2981
E02000878,{place of work}Tower Hamlets 015,17570,Tower Hamlets 015,4040
E02000879,{place of work}Tower Hamlets 016,986,Tower Hamlets 016,2419
E02000880,{place of work}Tower Hamlets 017,2899,Tower Hamlets 017,1980
E02000881,{place of work}Tower Hamlets 018,868,Tower Hamlets 018,1852
E02000882,{place of work}Tower Hamlets 019,1308,Tower Hamlets 019,2472
E02000883,{place of work}Tower Hamlets 020,1118,Tower Hamlets 020,2126
E02000884,{place of work}Tower Hamlets 021,10022,Tower Hamlets 021,4267
E02000885,{place of work}Tower Hamlets 022,1507,Tower Hamlets 022,2022
E02000886,{place of work}Tower Hamlets 023,916,Tower Hamlets 023,3206
E02000887,{place of work}Tower Hamlets 024,1865,Tower Hamlets 024,2629
E02000888,{place of work}Tower Hamlets 025,1086,Tower Hamlets 025,3316
E02000889,{place of work}Tower Hamlets 026,5433,Tower Hamlets 026,3049
E02000890,{place of work}Tower Hamlets 027,4654,Tower Hamlets 027,3316
E02000891,{place of work}Tower Hamlets 028,10336,Tower Hamlets 028,6021
E02000893,{place of work}Tower Hamlets 030,596,Tower Hamlets 030,2704
E02000894,{place of work}Tower Hamlets 031,461,Tower Hamlets 031,5123
E02006853,{place of work}Tower Hamlets 032,1617,Tower Hamlets 032,3169
E02006854,{place of work}Tower Hamlets 033,76253,Tower Hamlets 033,3078
E02000923,{place of work}Wandsworth 001,2828,Wandsworth 001,3530
E02000924,{place of work}Wandsworth 002,8505,Wandsworth 002,4991
E02000925,{place of work}Wandsworth 003,869,Wandsworth 003,3071
E02000926,{place of work}Wandsworth 004,2867,Wandsworth 004,4404
E02000927,{place of work}Wandsworth 005,1112,Wandsworth 005,3396
E02000928,{place of work}Wandsworth 006,1317,Wandsworth 006,3913
E02000929,{place of work}Wandsworth 007,335,Wandsworth 007,2680
E02000930,{place of work}Wandsworth 008,3345,Wandsworth 008,5437
E02000931,{place of work}Wandsworth 009,733,Wandsworth 009,4575
E02000932,{place of work}Wandsworth 010,8079,Wandsworth 010,5751
E02000933,{place of work}Wandsworth 011,1647,Wandsworth 011,3899
E02000934,{place of work}Wandsworth 012,4730,Wandsworth 012,5146
E02000935,{place of work}Wandsworth 013,2101,Wandsworth 013,2017
E02000936,{place of work}Wandsworth 014,1250,Wandsworth 014,4190
E02000937,{place of work}Wandsworth 015,1023,Wandsworth 015,3557
E02000938,{place of work}Wandsworth 016,1181,Wandsworth 016,3522
E02000939,{place of work}Wandsworth 017,951,Wandsworth 017,3294
E02000940,{place of work}Wandsworth 018,3535,Wandsworth 018,3569
E02000941,{place of work}Wandsworth 019,1349,Wandsworth 019,4613
E02000942,{place of work}Wandsworth 020,895,Wandsworth 020,4263
E02000943,{place of work}Wandsworth 021,2489,Wandsworth 021,4515
E02000944,{place of work}Wandsworth 022,883,Wandsworth 022,2801
E02000945,{place of work}Wandsworth 023,1114,Wandsworth 023,2484
E02000946,{place of work}Wandsworth 024,1933,Wandsworth 024,3719
E02000947,{place of work}Wandsworth 025,1525,Wandsworth 025,4414
E02000948,{place of work}Wandsworth 026,544,Wandsworth 026,5554
E02000949,{place of work}Wandsworth 027,3677,Wandsworth 027,4696
E02000950,{place of work}Wandsworth 028,643,Wandsworth 028,3151
E02000951,{place of work}Wandsworth 029,819,Wandsworth 029,3299
E02000952,{place of work}Wandsworth 030,614,Wandsworth 030,2971
E02000953,{place of work}Wandsworth 031,1208,Wandsworth 031,3607
E02000954,{place of work}Wandsworth 032,748,Wandsworth 032,2695
E02000955,{place of work}Wandsworth 033,684,Wandsworth 033,2509
E02000956,{place of work}Wandsworth 034,8301,Wandsworth 034,3006
E02000957,{place of work}Wandsworth 035,2501,Wandsworth 035,4521
E02000958,{place of work}Wandsworth 036,615,Wandsworth 036,2945
E02000959,{place of work}Wandsworth 037,481,Wandsworth 037,2631
E02000960,{place of work}Westminster 001,2978,Westminster 001,2290
E02000961,{place of work}Westminster 002,1196,Westminster 002,3187
E02000962,{place of work}Westminster 003,1914,Westminster 003,2863
E02000963,{place of work}Westminster 004,722,Westminster 004,3252
E02000964,{place of work}Westminster 005,1175,Westminster 005,4437
E02000965,{place of work}Westminster 006,1154,Westminster 006,3912
E02000966,{place of work}Westminster 007,1259,Westminster 007,4161
E02000967,{place of work}Westminster 008,10695,Westminster 008,2998
E02000968,{place of work}Westminster 009,4032,Westminster 009,3700
E02000969,{place of work}Westminster 010,2532,Westminster 010,2760
E02000970,{place of work}Westminster 011,38814,Westminster 011,3908
E02000971,{place of work}Westminster 012,11809,Westminster 012,3368
E02000972,{place of work}Westminster 013,104363,Westminster 013,3507
E02000973,{place of work}Westminster 014,2214,Westminster 014,4507
E02000974,{place of work}Westminster 015,12393,Westminster 015,2845
E02000975,{place of work}Westminster 016,7595,Westminster 016,4047
E02000976,{place of work}Westminster 017,4401,Westminster 017,4248
E02000977,{place of work}Westminster 018,116683,Westminster 018,3035
E02000978,{place of work}Westminster 019,19056,Westminster 019,2661
E02000979,{place of work}Westminster 020,60313,Westminster 020,3269
E02000980,{place of work}Westminster 021,8024,Westminster 021,3549
E02000981,{place of work}Westminster 022,2888,Westminster 022,4458
E02000982,{place of work}Westminster 023,14147,Westminster 023,3151
E02000983,{place of work}Westminster 024,1217,Westminster 024,3394
E02000002,{place of work}Barking and Dagenham 001,512,Barking and Dagenham 001,1716
E02000003,{place of work}Barking and Dagenham 002,2214,Barking and Dagenham 002,3349
E02000004,{place of work}Barking and Dagenham 003,861,Barking and Dagenham 003,2074
E02000005,{place of work}Barking and Dagenham 004,713,Barking and Dagenham 004,2616
E02000007,{place of work}Barking and Dagenham 006,2507,Barking and Dagenham 006,2466
E02000008,{place of work}Barking and Dagenham 007,1306,Barking and Dagenham 007,3310
E02000009,{place of work}Barking and Dagenham 008,407,Barking and Dagenham 008,2472
E02000010,{place of work}Barking and Dagenham 009,741,Barking and Dagenham 009,2488
E02000011,{place of work}Barking and Dagenham 010,1682,Barking and Dagenham 010,1965
E02000012,{place of work}Barking and Dagenham 011,829,Barking and Dagenham 011,3081
E02000013,{place of work}Barking and Dagenham 012,574,Barking and Dagenham 012,2416
E02000014,{place of work}Barking and Dagenham 013,954,Barking and Dagenham 013,2747
E02000015,{place of work}Barking and Dagenham 014,701,Barking and Dagenham 014,2079
E02000016,{place of work}Barking and Dagenham 015,5050,Barking and Dagenham 015,2341
E02000017,{place of work}Barking and Dagenham 016,749,Barking and Dagenham 016,2617
E02000018,{place of work}Barking and Dagenham 017,418,Barking and Dagenham 017,2467
E02000019,{place of work}Barking and Dagenham 018,2632,Barking and Dagenham 018,2504
E02000020,{place of work}Barking and Dagenham 019,3253,Barking and Dagenham 019,2612
E02000021,{place of work}Barking and Dagenham 020,3106,Barking and Dagenham 020,2377
E02000022,{place of work}Barking and Dagenham 021,1387,Barking and Dagenham 021,2075
E02000023,{place of work}Barking and Dagenham 022,1633,Barking and Dagenham 022,1705
E02006799,{place of work}Barking and Dagenham 023,1376,Barking and Dagenham 023,2760
E02000024,{place of work}Barnet 001,3220,Barnet 001,3279
E02000025,{place of work}Barnet 002,737,Barnet 002,2676
E02000026,{place of work}Barnet 003,388,Barnet 003,2040
E02000027,{place of work}Barnet 004,2370,Barnet 004,2751
E02000028,{place of work}Barnet 005,1091,Barnet 005,2115
E02000029,{place of work}Barnet 006,1340,Barnet 006,2899
E02000030,{place of work}Barnet 007,1108,Barnet 007,2591
E02000031,{place of work}Barnet 008,2553,Barnet 008,2412
E02000032,{place of work}Barnet 009,550,Barnet 009,2726
E02000033,{place of work}Barnet 010,2439,Barnet 010,2891
E02000034,{place of work}Barnet 011,897,Barnet 011,2952
E02000035,{place of work}Barnet 012,1346,Barnet 012,2824
E02000036,{place of work}Barnet 013,711,Barnet 013,3233
E02000037,{place of work}Barnet 014,774,Barnet 014,2850
E02000038,{place of work}Barnet 015,1391,Barnet 015,3736
E02000039,{place of work}Barnet 016,1539,Barnet 016,2139
E02000040,{place of work}Barnet 017,2769,Barnet 017,2162
E02000041,{place of work}Barnet 018,2866,Barnet 018,2707
E02000042,{place of work}Barnet 019,3296,Barnet 019,3922
E02000043,{place of work}Barnet 020,261,Barnet 020,2644
E02000044,{place of work}Barnet 021,719,Barnet 021,2461
E02000045,{place of work}Barnet 022,1189,Barnet 022,3700
E02000046,{place of work}Barnet 023,1893,Barnet 023,2822
E02000047,{place of work}Barnet 024,1810,Barnet 024,3344
E02000048,{place of work}Barnet 025,939,Barnet 025,3291
E02000049,{place of work}Barnet 026,1354,Barnet 026,2312
E02000050,{place of work}Barnet 027,1604,Barnet 027,3661
E02000051,{place of work}Barnet 028,3216,Barnet 028,2905
E02000052,{place of work}Barnet 029,1687,Barnet 029,3979
E02000053,{place of work}Barnet 030,3426,Barnet 030,2887
E02000054,{place of work}Barnet 031,1176,Barnet 031,2416
E02000055,{place of work}Barnet 032,3769,Barnet 032,3626
E02000056,{place of work}Barnet 033,1312,Barnet 033,3033
E02000057,{place of work}Barnet 034,1040,Barnet 034,2299
E02000058,{place of work}Barnet 035,2046,Barnet 035,3426
E02000059,{place of work}Barnet 036,2282,Barnet 036,3541
E02000060,{place of work}Barnet 037,1455,Barnet 037,3122
E02000061,{place of work}Barnet 038,2279,Barnet 038,2908
E02000062,{place of work}Barnet 039,6031,Barnet 039,2093
E02000063,{place of work}Barnet 040,487,Barnet 040,2264
E02000064,{place of work}Barnet 041,664,Barnet 041,2018
E02000065,{place of work}Bexley 001,1600,Bexley 001,2295
E02000066,{place of work}Bexley 002,567,Bexley 002,2909
E02000067,{place of work}Bexley 003,1780,Bexley 003,2917
E02000068,{place of work}Bexley 004,3034,Bexley 004,2291
E02000069,{place of work}Bexley 005,606,Bexley 005,1921
E02000070,{place of work}Bexley 006,266,Bexley 006,2687
E02000071,{place of work}Bexley 007,1141,Bexley 007,2463
E02000072,{place of work}Bexley 008,1560,Bexley 008,3236
E02000073,{place of work}Bexley 009,535,Bexley 009,3711
E02000074,{place of work}Bexley 010,618,Bexley 010,2279
E02000075,{place of work}Bexley 011,525,Bexley 011,2708
E02000077,{place of work}Bexley 013,598,Bexley 013,2815
E02000078,{place of work}Bexley 014,395,Bexley 014,2811
E02000079,{place of work}Bexley 015,5891,Bexley 015,2741
E02000080,{place of work}Bexley 016,2058,Bexley 016,3283
E02000081,{place of work}Bexley 017,1207,Bexley 017,2376
E02000082,{place of work}Bexley 018,889,Bexley 018,3289
E02000083,{place of work}Bexley 019,2878,Bexley 019,2883
E02000084,{place of work}Bexley 020,811,Bexley 020,3741
E02000085,{place of work}Bexley 021,775,Bexley 021,2766
E02000086,{place of work}Bexley 022,682,Bexley 022,2763
E02000087,{place of work}Bexley 023,1002,Bexley 023,2457
E02000088,{place of work}Bexley 024,339,Bexley 024,2790
E02000089,{place of work}Bexley 025,397,Bexley 025,2738
E02000090,{place of work}Bexley 026,4195,Bexley 026,3087
E02000091,{place of work}Bexley 027,2256,Bexley 027,3151
E02000092,{place of work}Bexley 028,2367,Bexley 028,1968
E02006785,{place of work}Bexley 029,260,Bexley 029,2187
E02000093,{place of work}Brent 001,1956,Brent 001,3553
E02000094,{place of work}Brent 002,2170,Brent 002,2745
E02000095,{place of work}Brent 003,1671,Brent 003,3180
E02000096,{place of work}Brent 004,936,Brent 004,2579
E02000097,{place of work}Brent 005,875,Brent 005,2835
E02000098,{place of work}Brent 006,822,Brent 006,2517
E02000099,{place of work}Brent 007,1542,Brent 007,2787
E02000100,{place of work}Brent 008,4795,Brent 008,3118
E02000101,{place of work}Brent 009,1994,Brent 009,2808
E02000102,{place of work}Brent 010,761,Brent 010,2169
E02000103,{place of work}Brent 011,3389,Brent 011,2533
E02000104,{place of work}Brent 012,984,Brent 012,2218
E02000105,{place of work}Brent 013,970,Brent 013,3174
E02000106,{place of work}Brent 014,2169,Brent 014,3043
E02000107,{place of work}Brent 015,1163,Brent 015,4079
E02000108,{place of work}Brent 016,136,Brent 016,2219
E02000109,{place of work}Brent 017,6352,Brent 017,3500
E02000110,{place of work}Brent 018,351,Brent 018,3184
E02000111,{place of work}Brent 019,1962,Brent 019,3521
E02000112,{place of work}Brent 020,3630,Brent 020,3508
E02000113,{place of work}Brent 021,2565,Brent 021,2607
E02000114,{place of work}Brent 022,1051,Brent 022,3673
E02000115,{place of work}Brent 023,412,Brent 023,3540
E02000116,{place of work}Brent 024,1956,Brent 024,2661
E02000117,{place of work}Brent 025,1601,Brent 025,3366
E02000118,{place of work}Brent 026,2069,Brent 026,3315
E02000119,{place of work}Brent 027,9679,Brent 027,1911
E02000120,{place of work}Brent 028,1412,Brent 028,4058
E02000121,{place of work}Brent 029,3769,Brent 029,3317
E02000122,{place of work}Brent 030,865,Brent 030,2926
E02000123,{place of work}Brent 031,2220,Brent 031,4605
E02000124,{place of work}Brent 032,2738,Brent 032,4270
E02000125,{place of work}Brent 033,410,Brent 033,4172
E02000126,{place of work}Brent 034,994,Brent 034,2472
E02000127,{place of work}Bromley 001,673,Bromley 001,2768
E02000128,{place of work}Bromley 002,1013,Bromley 002,2689
E02000130,{place of work}Bromley 004,2275,Bromley 004,3198
E02000131,{place of work}Bromley 005,958,Bromley 005,3790
E02000132,{place of work}Bromley 006,3012,Bromley 006,3880
E02000133,{place of work}Bromley 007,1358,Bromley 007,3378
E02000134,{place of work}Bromley 008,4603,Bromley 008,4483
E02000135,{place of work}Bromley 009,1407,Bromley 009,3216
E02000136,{place of work}Bromley 010,1052,Bromley 010,1641
E02000137,{place of work}Bromley 011,546,Bromley 011,3110
E02000138,{place of work}Bromley 012,1279,Bromley 012,3268
E02000139,{place of work}Bromley 013,1086,Bromley 013,3169
E02000140,{place of work}Bromley 014,1543,Bromley 014,2322
E02000141,{place of work}Bromley 015,731,Bromley 015,2846
E02000142,{place of work}Bromley 016,2789,Bromley 016,3058
E02000144,{place of work}Bromley 018,11342,Bromley 018,3550
E02000145,{place of work}Bromley 019,2006,Bromley 019,2316
E02000146,{place of work}Bromley 020,1860,Bromley 020,3237
E02000147,{place of work}Bromley 021,404,Bromley 021,2745
E02000148,{place of work}Bromley 022,1170,Bromley 022,2230
E02000149,{place of work}Bromley 023,1763,Bromley 023,2553
E02000150,{place of work}Bromley 024,2023,Bromley 024,3088
E02000151,{place of work}Bromley 025,480,Bromley 025,2665
E02000152,{place of work}Bromley 026,1111,Bromley 026,2109
E02000153,{place of work}Bromley 027,345,Bromley 027,2800
E02000154,{place of work}Bromley 028,3702,Bromley 028,2851
E02000155,{place of work}Bromley 029,415,Bromley 029,2271
E02000156,{place of work}Bromley 030,2339,Bromley 030,4297
E02000157,{place of work}Bromley 031,651,Bromley 031,2682
E02000158,{place of work}Bromley 032,437,Bromley 032,2188
E02000159,{place of work}Bromley 033,1955,Bromley 033,2148
E02000160,{place of work}Bromley 034,1680,Bromley 034,2682
E02000161,{place of work}Bromley 035,610,Bromley 035,2979
E02000162,{place of work}Bromley 036,3402,Bromley 036,2149
E02000163,{place of work}Bromley 037,1538,Bromley 037,2486
E02000165,{place of work}Bromley 039,466,Bromley 039,2334
E02006782,{place of work}Bromley 040,529,Bromley 040,2628
E02006787,{place of work}Bromley 041,1861,Bromley 041,2964
E02006789,{place of work}Bromley 042,1641,Bromley 042,1817
E02000194,{place of work}Croydon 001,1759,Croydon 001,3415
E02000195,{place of work}Croydon 002,729,Croydon 002,3353
E02000196,{place of work}Croydon 003,985,Croydon 003,2487
E02000197,{place of work}Croydon 004,865,Croydon 004,3050
E02000198,{place of work}Croydon 005,963,Croydon 005,2752
E02000199,{place of work}Croydon 006,460,Croydon 006,2979
E02000200,{place of work}Croydon 007,1154,Croydon 007,3051
E02000201,{place of work}Croydon 008,1070,Croydon 008,2826
E02000202,{place of work}Croydon 009,632,Croydon 009,3014
E02000203,{place of work}Croydon 010,1983,Croydon 010,2599
E02000204,{place of work}Croydon 011,1104,Croydon 011,3147
E02000206,{place of work}Croydon 013,2605,Croydon 013,3094
E02000207,{place of work}Croydon 014,1064,Croydon 014,3011
E02000208,{place of work}Croydon 015,3735,Croydon 015,3122
E02000209,{place of work}Croydon 016,1478,Croydon 016,2860
E02000210,{place of work}Croydon 017,587,Croydon 017,3252
E02000211,{place of work}Croydon 018,508,Croydon 018,3024
E02000212,{place of work}Croydon 019,2786,Croydon 019,2842
E02000213,{place of work}Croydon 020,5393,Croydon 020,3117
E02000214,{place of work}Croydon 021,668,Croydon 021,2298
E02000215,{place of work}Croydon 022,2134,Croydon 022,4198
E02000216,{place of work}Croydon 023,601,Croydon 023,2435
E02000217,{place of work}Croydon 024,6018,Croydon 024,3613
E02000218,{place of work}Croydon 025,464,Croydon 025,2077
E02000219,{place of work}Croydon 026,1114,Croydon 026,2700
E02000220,{place of work}Croydon 027,12616,Croydon 027,4073
E02000221,{place of work}Croydon 028,3771,Croydon 028,3142
E02000222,{place of work}Croydon 029,1685,Croydon 029,3137
E02000223,{place of work}Croydon 030,343,Croydon 030,2120
E02000224,{place of work}Croydon 031,1744,Croydon 031,2961
E02000225,{place of work}Croydon 032,847,Croydon 032,2344
E02000226,{place of work}Croydon 033,1136,Croydon 033,2558
E02000227,{place of work}Croydon 034,964,Croydon 034,4129
E02000228,{place of work}Croydon 035,656,Croydon 035,2424
E02000229,{place of work}Croydon 036,1113,Croydon 036,1722
E02000230,{place of work}Croydon 037,2552,Croydon 037,3371
E02000231,{place of work}Croydon 038,965,Croydon 038,2319
E02000232,{place of work}Croydon 039,520,Croydon 039,1738
E02000233,{place of work}Croydon 040,637,Croydon 040,1915
E02000234,{place of work}Croydon 041,1658,Croydon 041,2509
E02000235,{place of work}Croydon 042,708,Croydon 042,2089
E02000236,{place of work}Croydon 043,526,Croydon 043,2270
E02000237,{place of work}Croydon 044,674,Croydon 044,1893
E02006788,{place of work}Croydon 045,513,Croydon 045,2660
E02000238,{place of work}Ealing 001,1961,Ealing 001,3329
E02000239,{place of work}Ealing 002,608,Ealing 002,3323
E02000240,{place of work}Ealing 003,653,Ealing 003,3167
E02000241,{place of work}Ealing 004,1148,Ealing 004,2397
E02000242,{place of work}Ealing 005,1646,Ealing 005,2305
E02000243,{place of work}Ealing 006,4037,Ealing 006,2905
E02000244,{place of work}Ealing 007,2631,Ealing 007,2547
E02000245,{place of work}Ealing 008,547,Ealing 008,2495
E02000246,{place of work}Ealing 009,468,Ealing 009,2566
E02000247,{place of work}Ealing 010,989,Ealing 010,3284
E02000248,{place of work}Ealing 011,4299,Ealing 011,2684
E02000249,{place of work}Ealing 012,2044,Ealing 012,2560
E02000250,{place of work}Ealing 013,533,Ealing 013,2319
E02000251,{place of work}Ealing 014,295,Ealing 014,2777
E02000252,{place of work}Ealing 015,13831,Ealing 015,3615
E02000253,{place of work}Ealing 016,455,Ealing 016,2888
E02000254,{place of work}Ealing 017,584,Ealing 017,3126
E02000255,{place of work}Ealing 018,857,Ealing 018,3177
E02000256,{place of work}Ealing 019,4572,Ealing 019,3433
E02000257,{place of work}Ealing 020,5670,Ealing 020,5464
E02000258,{place of work}Ealing 021,322,Ealing 021,2350
E02000259,{place of work}Ealing 022,684,Ealing 022,2379
E02000260,{place of work}Ealing 023,2482,Ealing 023,2831
E02000261,{place of work}Ealing 024,1127,Ealing 024,3885
E02000262,{place of work}Ealing 025,2215,Ealing 025,3368
E02000263,{place of work}Ealing 026,1404,Ealing 026,3593
E02000264,{place of work}Ealing 027,1351,Ealing 027,3172
E02000265,{place of work}Ealing 028,2280,Ealing 028,4320
E02000266,{place of work}Ealing 029,7457,Ealing 029,3384
E02000267,{place of work}Ealing 030,1280,Ealing 030,2719
E02000268,{place of work}Ealing 031,1840,Ealing 031,3583
E02000269,{place of work}Ealing 032,2104,Ealing 032,3420
E02000270,{place of work}Ealing 033,2705,Ealing 033,2512
E02000271,{place of work}Ealing 034,2254,Ealing 034,2721
E02000272,{place of work}Ealing 035,1138,Ealing 035,2682
E02000274,{place of work}Ealing 037,2281,Ealing 037,3771
E02000275,{place of work}Ealing 038,972,Ealing 038,2215
E02000276,{place of work}Ealing 039,833,Ealing 039,2819
E02006791,{place of work}Ealing 040,623,Ealing 040,3022
E02000277,{place of work}Enfield 001,427,Enfield 001,2107
E02000278,{place of work}Enfield 002,550,Enfield 002,2187
E02000279,{place of work}Enfield 003,1829,Enfield 003,3233
E02000280,{place of work}Enfield 004,1561,Enfield 004,2805
E02000281,{place of work}Enfield 005,1208,Enfield 005,2776
E02000282,{place of work}Enfield 006,976,Enfield 006,2317
E02000283,{place of work}Enfield 007,740,Enfield 007,2452
E02000284,{place of work}Enfield 008,2159,Enfield 008,2995
E02000285,{place of work}Enfield 009,2303,Enfield 009,2328
E02000286,{place of work}Enfield 010,4003,Enfield 010,3091
E02000287,{place of work}Enfield 011,1729,Enfield 011,1961
E02000288,{place of work}Enfield 012,4458,Enfield 012,3062
E02000289,{place of work}Enfield 013,472,Enfield 013,2169
E02000290,{place of work}Enfield 014,4105,Enfield 014,1925
E02000291,{place of work}Enfield 015,3213,Enfield 015,3025
E02000292,{place of work}Enfield 016,2008,Enfield 016,3304
E02000293,{place of work}Enfield 017,369,Enfield 017,2126
E02000294,{place of work}Enfield 018,803,Enfield 018,2624
E02000295,{place of work}Enfield 019,908,Enfield 019,2816
E02000296,{place of work}Enfield 020,4344,Enfield 020,3274
E02000297,{place of work}Enfield 021,955,Enfield 021,3357
E02000298,{place of work}Enfield 022,1073,Enfield 022,2949
E02000299,{place of work}Enfield 023,1096,Enfield 023,2676
E02000300,{place of work}Enfield 024,595,Enfield 024,2501
E02000301,{place of work}Enfield 025,1111,Enfield 025,2783
E02000302,{place of work}Enfield 026,884,Enfield 026,2818
E02000303,{place of work}Enfield 027,1297,Enfield 027,2175
E02000304,{place of work}Enfield 028,525,Enfield 028,2875
E02000305,{place of work}Enfield 029,1598,Enfield 029,3376
E02000306,{place of work}Enfield 030,3413,Enfield 030,2345
E02000307,{place of work}Enfield 031,501,Enfield 031,3089
E02000308,{place of work}Enfield 032,1354,Enfield 032,2634
E02000309,{place of work}Enfield 033,2817,Enfield 033,2992
E02000311,{place of work}Enfield 035,1150,Enfield 035,3405
E02000312,{place of work}Enfield 036,1286,Enfield 036,4149
E02006793,{place of work}Enfield 037,3261,Enfield 037,2373
E02000313,{place of work}Greenwich 001,249,Greenwich 001,2029
E02000314,{place of work}Greenwich 002,3864,Greenwich 002,3968
E02000315,{place of work}Greenwich 003,789,Greenwich 003,2547
E02000316,{place of work}Greenwich 004,8594,Greenwich 004,4323
E02000317,{place of work}Greenwich 005,641,Greenwich 005,2261
E02000318,{place of work}Greenwich 006,1443,Greenwich 006,3104
E02000319,{place of work}Greenwich 007,1460,Greenwich 007,3721
E02000320,{place of work}Greenwich 008,588,Greenwich 008,2200
E02000321,{place of work}Greenwich 009,800,Greenwich 009,2243
E02000323,{place of work}Greenwich 011,1624,Greenwich 011,3181
E02000324,{place of work}Greenwich 012,1052,Greenwich 012,2357
E02000326,{place of work}Greenwich 014,432,Greenwich 014,2779
E02000327,{place of work}Greenwich 015,4641,Greenwich 015,2017
E02000328,{place of work}Greenwich 016,686,Greenwich 016,2705
E02000329,{place of work}Greenwich 017,446,Greenwich 017,2154
E02000331,{place of work}Greenwich 019,569,Greenwich 019,2783
E02000332,{place of work}Greenwich 020,938,Greenwich 020,2584
E02000333,{place of work}Greenwich 021,1210,Greenwich 021,2732
E02000334,{place of work}Greenwich 022,440,Greenwich 022,2208
E02000335,{place of work}Greenwich 023,250,Greenwich 023,2510
E02000337,{place of work}Greenwich 025,533,Greenwich 025,2630
E02000339,{place of work}Greenwich 027,1819,Greenwich 027,2131
E02000340,{place of work}Greenwich 028,2472,Greenwich 028,2221
E02000341,{place of work}Greenwich 029,696,Greenwich 029,2301
E02000342,{place of work}Greenwich 030,945,Greenwich 030,1883
E02000343,{place of work}Greenwich 031,400,Greenwich 031,2159
E02000344,{place of work}Greenwich 032,971,Greenwich 032,2329
E02006786,{place of work}Greenwich 033,301,Greenwich 033,2233
E02006927,{place of work}Greenwich 034,1702,Greenwich 034,2781
E02006928,{place of work}Greenwich 035,1730,Greenwich 035,2884
E02006929,{place of work}Greenwich 036,5687,Greenwich 036,3150
E02006930,{place of work}Greenwich 037,2028,Greenwich 037,2992
E02006931,{place of work}Greenwich 038,3786,Greenwich 038,3979
E02000433,{place of work}Harrow 001,2244,Harrow 001,2152
E02000434,{place of work}Harrow 002,1369,Harrow 002,2642
E02000435,{place of work}Harrow 003,606,Harrow 003,2064
E02000436,{place of work}Harrow 004,473,Harrow 004,1753
E02000437,{place of work}Harrow 005,944,Harrow 005,2584
E02000438,{place of work}Harrow 006,1480,Harrow 006,2318
E02000439,{place of work}Harrow 007,1239,Harrow 007,2495
E02000440,{place of work}Harrow 008,606,Harrow 008,3125
E02000441,{place of work}Harrow 009,483,Harrow 009,2030
E02000442,{place of work}Harrow 010,768,Harrow 010,2707
E02000443,{place of work}Harrow 011,1453,Harrow 011,2943
E02000444,{place of work}Harrow 012,553,Harrow 012,2720
E02000445,{place of work}Harrow 013,2067,Harrow 013,3279
E02000447,{place of work}Harrow 015,496,Harrow 015,2397
E02000448,{place of work}Harrow 016,1874,Harrow 016,2111
E02000449,{place of work}Harrow 017,433,Harrow 017,2594
E02000451,{place of work}Harrow 019,556,Harrow 019,2204
E02000452,{place of work}Harrow 020,3992,Harrow 020,3106
E02000453,{place of work}Harrow 021,1012,Harrow 021,2700
E02000454,{place of work}Harrow 022,401,Harrow 022,2326
E02000455,{place of work}Harrow 023,6279,Harrow 023,3035
E02000456,{place of work}Harrow 024,372,Harrow 024,2598
E02000457,{place of work}Harrow 025,1831,Harrow 025,2076
E02000459,{place of work}Harrow 027,1679,Harrow 027,2810
E02000460,{place of work}Harrow 028,489,Harrow 028,2063
E02000461,{place of work}Harrow 029,2258,Harrow 029,2425
E02000462,{place of work}Harrow 030,758,Harrow 030,2179
E02000463,{place of work}Harrow 031,405,Harrow 031,2708
E02006795,{place of work}Harrow 032,454,Harrow 032,2818
E02006882,{place of work}Harrow 033,2470,Harrow 033,5007
E02000464,{place of work}Havering 001,453,Havering 001,1724
E02000465,{place of work}Havering 002,673,Havering 002,2267
E02000466,{place of work}Havering 003,690,Havering 003,2433
E02000467,{place of work}Havering 004,1115,Havering 004,2592
E02000468,{place of work}Havering 005,801,Havering 005,2478
E02000469,{place of work}Havering 006,775,Havering 006,1820
E02000470,{place of work}Havering 007,3548,Havering 007,2547
E02000471,{place of work}Havering 008,336,Havering 008,2314
E02000472,{place of work}Havering 009,831,Havering 009,3031
E02000473,{place of work}Havering 010,1328,Havering 010,3292
E02000474,{place of work}Havering 011,892,Havering 011,2770
E02000475,{place of work}Havering 012,986,Havering 012,3240
E02000476,{place of work}Havering 013,10688,Havering 013,3015
E02000477,{place of work}Havering 014,537,Havering 014,3391
E02000478,{place of work}Havering 015,361,Havering 015,1833
E02000479,{place of work}Havering 016,3065,Havering 016,3039
E02000480,{place of work}Havering 017,6229,Havering 017,3516
E02000481,{place of work}Havering 018,552,Havering 018,2353
E02000482,{place of work}Havering 019,687,Havering 019,1989
E02000483,{place of work}Havering 020,2656,Havering 020,2555
E02000484,{place of work}Havering 021,753,Havering 021,3038
E02000485,{place of work}Havering 022,1748,Havering 022,2737
E02000486,{place of work}Havering 023,814,Havering 023,2650
E02000487,{place of work}Havering 024,692,Havering 024,2440
E02000488,{place of work}Havering 025,1019,Havering 025,2700
E02000489,{place of work}Havering 026,488,Havering 026,2650
E02000490,{place of work}Havering 027,500,Havering 027,2446
E02000491,{place of work}Havering 028,1783,Havering 028,2572
E02000492,{place of work}Havering 029,1611,Havering 029,1894
E02000493,{place of work}Havering 030,835,Havering 030,1939
E02000494,{place of work}Hillingdon 001,1263,Hillingdon 001,2165
E02000495,{place of work}Hillingdon 002,1840,Hillingdon 002,2980
E02000496,{place of work}Hillingdon 003,2061,Hillingdon 003,2023
E02000497,{place of work}Hillingdon 004,975,Hillingdon 004,2858
E02000498,{place of work}Hillingdon 005,672,Hillingdon 005,1986
E02000499,{place of work}Hillingdon 006,1058,Hillingdon 006,2611
E02000500,{place of work}Hillingdon 007,2333,Hillingdon 007,2665
E02000501,{place of work}Hillingdon 008,889,Hillingdon 008,2970
E02000502,{place of work}Hillingdon 009,885,Hillingdon 009,2900
E02000503,{place of work}Hillingdon 010,457,Hillingdon 010,3675
E02000504,{place of work}Hillingdon 011,901,Hillingdon 011,2410
E02000506,{place of work}Hillingdon 013,1172,Hillingdon 013,2413
E02000507,{place of work}Hillingdon 014,881,Hillingdon 014,2764
E02000508,{place of work}Hillingdon 015,9188,Hillingdon 015,2704
E02000509,{place of work}Hillingdon 016,7206,Hillingdon 016,2874
E02000510,{place of work}Hillingdon 017,3622,Hillingdon 017,2907
E02000511,{place of work}Hillingdon 018,1496,Hillingdon 018,3246
E02000512,{place of work}Hillingdon 019,548,Hillingdon 019,2480
E02000513,{place of work}Hillingdon 020,926,Hillingdon 020,2754
E02000514,{place of work}Hillingdon 021,853,Hillingdon 021,3265
E02000515,{place of work}Hillingdon 022,2154,Hillingdon 022,3502
E02000516,{place of work}Hillingdon 023,393,Hillingdon 023,2798
E02000517,{place of work}Hillingdon 024,704,Hillingdon 024,2649
E02000518,{place of work}Hillingdon 025,3207,Hillingdon 025,2733
E02000519,{place of work}Hillingdon 026,2379,Hillingdon 026,2709
E02000520,{place of work}Hillingdon 027,7447,Hillingdon 027,3471
E02000521,{place of work}Hillingdon 028,921,Hillingdon 028,3071
E02000522,{place of work}Hillingdon 029,860,Hillingdon 029,2716
E02000523,{place of work}Hillingdon 030,2125,Hillingdon 030,3137
E02000524,{place of work}Hillingdon 031,24664,Hillingdon 031,2299
E02000525,{place of work}Hillingdon 032,2802,Hillingdon 032,3087
E02006796,{place of work}Hillingdon 033,3978,Hillingdon 033,3036
E02000526,{place of work}Hounslow 001,3468,Hounslow 001,3395
E02000528,{place of work}Hounslow 003,3704,Hounslow 003,3699
E02000529,{place of work}Hounslow 004,677,Hounslow 004,2757
E02000530,{place of work}Hounslow 005,3901,Hounslow 005,1890
E02000531,{place of work}Hounslow 006,5663,Hounslow 006,3948
E02000532,{place of work}Hounslow 007,1688,Hounslow 007,3361
E02000533,{place of work}Hounslow 008,647,Hounslow 008,3299
E02000534,{place of work}Hounslow 009,6949,Hounslow 009,3089
E02000535,{place of work}Hounslow 010,440,Hounslow 010,3250
E02000536,{place of work}Hounslow 011,2345,Hounslow 011,3122
E02000537,{place of work}Hounslow 012,602,Hounslow 012,3243
E02000538,{place of work}Hounslow 013,3031,Hounslow 013,2871
E02000539,{place of work}Hounslow 014,3913,Hounslow 014,4135
E02000540,{place of work}Hounslow 015,2483,Hounslow 015,3325
E02000541,{place of work}Hounslow 016,1106,Hounslow 016,2935
E02000542,{place of work}Hounslow 017,2212,Hounslow 017,3260
E02000543,{place of work}Hounslow 018,4492,Hounslow 018,4417
E02000544,{place of work}Hounslow 019,507,Hounslow 019,3012
E02000545,{place of work}Hounslow 020,1634,Hounslow 020,2837
E02000546,{place of work}Hounslow 021,1540,Hounslow 021,3222
E02000547,{place of work}Hounslow 022,4429,Hounslow 022,3028
E02000548,{place of work}Hounslow 023,2520,Hounslow 023,2852
E02000549,{place of work}Hounslow 024,1681,Hounslow 024,3635
E02000550,{place of work}Hounslow 025,1223,Hounslow 025,3300
E02000551,{place of work}Hounslow 026,2199,Hounslow 026,2526
E02000552,{place of work}Hounslow 027,2168,Hounslow 027,2646
E02000553,{place of work}Hounslow 028,316,Hounslow 028,2065
E02006792,{place of work}Hounslow 029,10808,Hounslow 029,3523
E02000598,{place of work}Kingston upon Thames 001,654,Kingston upon Thames 001,2662
E02000599,{place of work}Kingston upon Thames 002,1581,Kingston upon Thames 002,2074
E02000600,{place of work}Kingston upon Thames 003,3128,Kingston upon Thames 003,2877
E02000601,{place of work}Kingston upon Thames 004,1704,Kingston upon Thames 004,3857
E02000602,{place of work}Kingston upon Thames 005,3310,Kingston upon Thames 005,3382
E02000603,{place of work}Kingston upon Thames 006,766,Kingston upon Thames 006,2594
E02000604,{place of work}Kingston upon Thames 007,3294,Kingston upon Thames 007,3076
E02000605,{place of work}Kingston upon Thames 008,1101,Kingston upon Thames 008,2737
E02000606,{place of work}Kingston upon Thames 009,12352,Kingston upon Thames 009,3907
E02000607,{place of work}Kingston upon Thames 010,578,Kingston upon Thames 010,2335
E02000608,{place of work}Kingston upon Thames 011,1867,Kingston upon Thames 011,2652
E02000609,{place of work}Kingston upon Thames 012,582,Kingston upon Thames 012,2235
E02000610,{place of work}Kingston upon Thames 013,1474,Kingston upon Thames 013,2807
E02000611,{place of work}Kingston upon Thames 014,366,Kingston upon Thames 014,2320
E02000612,{place of work}Kingston upon Thames 015,553,Kingston upon Thames 015,2690
E02000613,{place of work}Kingston upon Thames 016,780,Kingston upon Thames 016,2677
E02000614,{place of work}Kingston upon Thames 017,3028,Kingston upon Thames 017,2819
E02000615,{place of work}Kingston upon Thames 018,1083,Kingston upon Thames 018,2360
E02000616,{place of work}Kingston upon Thames 019,716,Kingston upon Thames 019,1939
E02000617,{place of work}Kingston upon Thames 020,1752,Kingston upon Thames 020,2471
E02000689,{place of work}Merton 001,3192,Merton 001,3517
E02000690,{place of work}Merton 002,1940,Merton 002,1643
E02000691,{place of work}Merton 003,3221,Merton 003,3327
E02000692,{place of work}Merton 004,5936,Merton 004,3184
E02000693,{place of work}Merton 005,2046,Merton 005,4526
E02000694,{place of work}Merton 006,1770,Merton 006,4106
E02000695,{place of work}Merton 007,559,Merton 007,3021
E02000696,{place of work}Merton 008,773,Merton 008,3186
E02000697,{place of work}Merton 009,5252,Merton 009,4038
E02000698,{place of work}Merton 010,987,Merton 010,2794
E02000699,{place of work}Merton 011,931,Merton 011,3414
E02000700,{place of work}Merton 012,1722,Merton 012,3197
E02000701,{place of work}Merton 013,947,Merton 013,2955
E02000702,{place of work}Merton 014,341,Merton 014,2685
E02000703,{place of work}Merton 015,559,Merton 015,2854
E02000704,{place of work}Merton 016,2456,Merton 016,3298
E02000705,{place of work}Merton 017,521,Merton 017,2869
E02000706,{place of work}Merton 018,1149,Merton 018,2886
E02000707,{place of work}Merton 019,445,Merton 019,2464
E02000708,{place of work}Merton 020,1602,Merton 020,3111
E02000709,{place of work}Merton 021,230,Merton 021,2807
E02000710,{place of work}Merton 022,4118,Merton 022,2737
E02000711,{place of work}Merton 023,2868,Merton 023,2710
E02000712,{place of work}Merton 024,1078,Merton 024,2938
E02000713,{place of work}Merton 025,1157,Merton 025,2854
E02000751,{place of work}Redbridge 001,1562,Redbridge 001,3576
E02000752,{place of work}Redbridge 002,1867,Redbridge 002,1934
E02000753,{place of work}Redbridge 003,127,Redbridge 003,1824
E02000754,{place of work}Redbridge 004,342,Redbridge 004,2248
E02000755,{place of work}Redbridge 005,633,Redbridge 005,1777
E02000756,{place of work}Redbridge 006,1999,Redbridge 006,4141
E02000757,{place of work}Redbridge 007,2267,Redbridge 007,4879
E02000758,{place of work}Redbridge 008,500,Redbridge 008,1830
E02000759,{place of work}Redbridge 009,1263,Redbridge 009,4418
E02000760,{place of work}Redbridge 010,750,Redbridge 010,2113
E02000762,{place of work}Redbridge 012,352,Redbridge 012,2097
E02000763,{place of work}Redbridge 013,1181,Redbridge 013,2252
E02000764,{place of work}Redbridge 014,2000,Redbridge 014,4848
E02000765,{place of work}Redbridge 015,832,Redbridge 015,2114
E02000767,{place of work}Redbridge 017,1632,Redbridge 017,2493
E02000768,{place of work}Redbridge 018,360,Redbridge 018,2194
E02000769,{place of work}Redbridge 019,1307,Redbridge 019,4845
E02000770,{place of work}Redbridge 020,608,Redbridge 020,2397
E02000772,{place of work}Redbridge 022,4025,Redbridge 022,2467
E02000773,{place of work}Redbridge 023,1313,Redbridge 023,2875
E02000774,{place of work}Redbridge 024,642,Redbridge 024,2134
E02000776,{place of work}Redbridge 026,1195,Redbridge 026,1982
E02000777,{place of work}Redbridge 027,224,Redbridge 027,2180
E02000779,{place of work}Redbridge 029,2138,Redbridge 029,2317
E02000780,{place of work}Redbridge 030,5905,Redbridge 030,3925
E02000781,{place of work}Redbridge 031,1177,Redbridge 031,4079
E02000782,{place of work}Redbridge 032,1975,Redbridge 032,2362
E02000783,{place of work}Redbridge 033,470,Redbridge 033,1773
E02006800,{place of work}Redbridge 034,1457,Redbridge 034,4002
E02006924,{place of work}Redbridge 035,1648,Redbridge 035,3918
E02006925,{place of work}Redbridge 036,2441,Redbridge 036,4396
E02000784,{place of work}Richmond upon Thames 001,1620,Richmond upon Thames 001,3603
E02000785,{place of work}Richmond upon Thames 002,2919,Richmond upon Thames 002,3556
E02000786,{place of work}Richmond upon Thames 003,2082,Richmond upon Thames 003,4382
E02000787,{place of work}Richmond upon Thames 004,1992,Richmond upon Thames 004,4169
E02000788,{place of work}Richmond upon Thames 005,1728,Richmond upon Thames 005,3359
E02000789,{place of work}Richmond upon Thames 006,1296,Richmond upon Thames 006,2288
E02000790,{place of work}Richmond upon Thames 007,1100,Richmond upon Thames 007,2460
E02000791,{place of work}Richmond upon Thames 008,6896,Richmond upon Thames 008,2298
E02000792,{place of work}Richmond upon Thames 009,928,Richmond upon Thames 009,2505
E02000793,{place of work}Richmond upon Thames 010,905,Richmond upon Thames 010,2876
E02000794,{place of work}Richmond upon Thames 011,1723,Richmond upon Thames 011,2545
E02000795,{place of work}Richmond upon Thames 012,1033,Richmond upon Thames 012,1989
E02000796,{place of work}Richmond upon Thames 013,771,Richmond upon Thames 013,3415
E02000797,{place of work}Richmond upon Thames 014,5241,Richmond upon Thames 014,2992
E02000798,{place of work}Richmond upon Thames 015,1082,Richmond upon Thames 015,3890
E02000799,{place of work}Richmond upon Thames 016,1289,Richmond upon Thames 016,2242
E02000800,{place of work}Richmond upon Thames 017,237,Richmond upon Thames 017,1767
E02000801,{place of work}Richmond upon Thames 018,2459,Richmond upon Thames 018,2551
E02000802,{place of work}Richmond upon Thames 019,1370,Richmond upon Thames 019,2378
E02000803,{place of work}Richmond upon Thames 020,1361,Richmond upon Thames 020,3137
E02000804,{place of work}Richmond upon Thames 021,3743,Richmond upon Thames 021,2688
E02000805,{place of work}Richmond upon Thames 022,1589,Richmond upon Thames 022,3389
E02000806,{place of work}Richmond upon Thames 023,1964,Richmond upon Thames 023,3242
E02000840,{place of work}Sutton 001,578,Sutton 001,2667
E02000841,{place of work}Sutton 002,3468,Sutton 002,2847
E02000842,{place of work}Sutton 003,1646,Sutton 003,2732
E02000843,{place of work}Sutton 004,1655,Sutton 004,3023
E02000844,{place of work}Sutton 005,843,Sutton 005,2728
E02000845,{place of work}Sutton 006,947,Sutton 006,3184
E02000846,{place of work}Sutton 007,657,Sutton 007,2385
E02000847,{place of work}Sutton 008,1295,Sutton 008,2824
E02000848,{place of work}Sutton 009,1340,Sutton 009,2676
E02000849,{place of work}Sutton 010,749,Sutton 010,2769
E02000850,{place of work}Sutton 011,4968,Sutton 011,3793
E02000851,{place of work}Sutton 012,8142,Sutton 012,2879
E02000852,{place of work}Sutton 013,734,Sutton 013,2771
E02000853,{place of work}Sutton 014,669,Sutton 014,2635
E02000854,{place of work}Sutton 015,1490,Sutton 015,2620
E02000855,{place of work}Sutton 016,1421,Sutton 016,2433
E02000856,{place of work}Sutton 017,2502,Sutton 017,3006
E02000857,{place of work}Sutton 018,1384,Sutton 018,2852
E02000858,{place of work}Sutton 019,1109,Sutton 019,2351
E02000859,{place of work}Sutton 020,1110,Sutton 020,2664
E02000860,{place of work}Sutton 021,2203,Sutton 021,2598
E02000861,{place of work}Sutton 022,1774,Sutton 022,2479
E02000863,{place of work}Sutton 024,688,Sutton 024,1979
E02006836,{place of work}Sutton 025,635,Sutton 025,2546
E02000895,{place of work}Waltham Forest 001,741,Waltham Forest 001,2181
E02000896,{place of work}Waltham Forest 002,1336,Waltham Forest 002,2956
E02000897,{place of work}Waltham Forest 003,785,Waltham Forest 003,2499
E02000898,{place of work}Waltham Forest 004,596,Waltham Forest 004,2540
E02000899,{place of work}Waltham Forest 005,1355,Waltham Forest 005,2718
E02000900,{place of work}Waltham Forest 006,1541,Waltham Forest 006,2621
E02000901,{place of work}Waltham Forest 007,1904,Waltham Forest 007,3440
E02000902,{place of work}Waltham Forest 008,508,Waltham Forest 008,2764
E02000903,{place of work}Waltham Forest 009,850,Waltham Forest 009,2614
E02000904,{place of work}Waltham Forest 010,1652,Waltham Forest 010,2801
E02000905,{place of work}Waltham Forest 011,2145,Waltham Forest 011,3194
E02000906,{place of work}Waltham Forest 012,775,Waltham Forest 012,3152
E02000907,{place of work}Waltham Forest 013,1619,Waltham Forest 013,2819
E02000908,{place of work}Waltham Forest 014,2688,Waltham Forest 014,3928
E02000909,{place of work}Waltham Forest 015,1325,Waltham Forest 015,3254
E02000910,{place of work}Waltham Forest 016,1797,Waltham Forest 016,3864
E02000911,{place of work}Waltham Forest 017,2993,Waltham Forest 017,3824
E02000912,{place of work}Waltham Forest 018,667,Waltham Forest 018,2910
E02000913,{place of work}Waltham Forest 019,4202,Waltham Forest 019,2952
E02000914,{place of work}Waltham Forest 020,1831,Waltham Forest 020,3104
E02000915,{place of work}Waltham Forest 021,1100,Waltham Forest 021,3296
E02000916,{place of work}Waltham Forest 022,3357,Waltham Forest 022,3156
E02000917,{place of work}Waltham Forest 023,803,Waltham Forest 023,3331
E02000918,{place of work}Waltham Forest 024,2121,Waltham Forest 024,3364
E02000919,{place of work}Waltham Forest 025,460,Waltham Forest 025,3466
E02000920,{place of work}Waltham Forest 026,2853,Waltham Forest 026,3253
E02000921,{place of work}Waltham Forest 027,1017,Waltham Forest 027,3392
E02000922,{place of work}Waltham Forest 028,718,Waltham Forest 028,3452